"Judgenum","judge","nomination_date","confirmation_date","confirmation_vote","appointed_by","pres_start_date","start_active_date","end_active_date","end_senior_date","court","court_type","months_from_inauguration"
1,"Viken, Jeffrey L.",2009-06-25,2009-09-29,"99–0","Barack Obama",2009-01-01,2009-09-30,2018-02-23,4712-12-31,"D.S.D.","District",8
2,"Lange, Roberto A.",2009-07-08,2009-10-21,"100–0","Barack Obama",2009-01-01,2009-10-21,2018-02-23,4712-12-31,"D.S.D.","District",9
3,"Berger, Irene C.",2009-07-08,2009-10-27,"97–0","Barack Obama",2009-01-01,2009-11-09,NA,4712-12-31,"S.D.W.Va.","District",10
4,"Honeywell, Charlene",2009-06-25,2009-11-09,"88–0","Barack Obama",2009-01-01,2009-11-12,2018-02-23,4712-12-31,"M.D. Fla.","District",10
5,"Reiss, Christina",2009-10-13,2009-11-21,"unanimous consent","Barack Obama",2009-01-01,2009-12-21,2018-02-23,4712-12-31,"D. Vt.","District",11
6,"Kallon, Abdul K.",2009-07-31,2009-11-21,"unanimous consent","Barack Obama",2009-01-01,2010-01-04,2018-02-23,4712-12-31,"N.D. Ala.","District",12
7,"Nguyen, Jacqueline H.",2009-07-31,2009-12-01,"97–0","Barack Obama",2009-01-01,2009-12-04,2012-05-14,NA,"C.D. Cal.","District",11
8,"Seeborg, Richard G.",2009-08-06,2009-12-24,"unanimous consent","Barack Obama",2009-01-01,2010-01-04,2018-02-23,4712-12-31,"N.D. Cal.","District",12
9,"Gee, Dolly M.",2009-08-06,2009-12-24,"unanimous consent","Barack Obama",2009-01-01,2010-01-04,2018-02-23,4712-12-31,"C.D. Cal.","District",12
10,"Peterson, Rosanna M.",2009-10-13,2010-01-25,"89–0","Barack Obama",2009-01-01,2010-01-26,2018-02-23,4712-12-31,"E.D. Wash.","District",12
11,"Conley, William M.",2009-10-29,2010-03-04,"99–0","Barack Obama",2009-01-01,2010-03-25,2018-02-23,4712-12-31,"W.D. Wis.","District",14
12,"Navarro, Gloria",2009-12-24,2010-05-05,"98–0","Barack Obama",2009-01-01,2010-05-06,2018-02-23,4712-12-31,"D. Nev.","District",16
13,"Freudenthal, Nancy D.",2009-12-03,2010-05-05,"96–1","Barack Obama",2009-01-01,2010-05-06,2018-02-23,4712-12-31,"D. Wyo.","District",16
14,"Marshall Jr., D. Price",2009-12-03,2010-05-05,"voice vote","Barack Obama",2009-01-01,2010-05-06,2018-02-23,4712-12-31,"E.D. Ark.","District",16
15,"Black, Timothy",2009-12-24,2010-05-11,"voice vote","Barack Obama",2009-01-01,2010-05-13,2018-02-23,4712-12-31,"S.D. Ohio","District",16
16,"DeGuilio, Jon",2010-01-20,2010-05-11,"voice vote","Barack Obama",2009-01-01,2010-05-13,2018-02-23,4712-12-31,"N.D. Ind.","District",16
17,"Fleissig, Audrey G.",2010-01-20,2010-06-07,"90–0","Barack Obama",2009-01-01,2010-06-09,2018-02-23,4712-12-31,"E.D. Mo.","District",17
18,"Koh, Lucy H.",2010-01-20,2010-06-07,"90–0","Barack Obama",2009-01-01,2010-06-09,2018-02-23,4712-12-31,"N.D. Cal.","District",17
19,"Magnus-Stinson, Jane",2010-01-20,2010-06-07,"voice vote","Barack Obama",2009-01-01,2010-06-09,2018-02-23,4712-12-31,"S.D. Ind.","District",17
20,"Pratt, Tanya Walton",2010-01-20,2010-06-15,"95–0","Barack Obama",2009-01-01,2010-06-15,2018-02-23,4712-12-31,"S.D. Ind.","District",17
21,"Jackson, Brian Anthony",2009-10-29,2010-06-15,"96–0","Barack Obama",2009-01-01,2010-06-15,2018-02-23,4712-12-31,"M.D. La.","District",17
22,"Foote, Elizabeth Erny",2010-02-04,2010-06-15,"voice vote","Barack Obama",2009-01-01,2010-06-15,2018-02-23,4712-12-31,"W.D. La.","District",17
23,"Goldsmith, Mark A.",2010-02-04,2010-06-21,"89–0","Barack Obama",2009-01-01,2010-06-22,2018-02-23,4712-12-31,"E.D. Mich.","District",17
24,"Treadwell, Marc Thomas",2010-02-04,2010-06-21,"89–0","Barack Obama",2009-01-01,2010-06-22,2018-02-23,4712-12-31,"M.D. Ga.","District",17
25,"Staton, Josephine L.",2010-02-04,2010-06-21,"voice vote","Barack Obama",2009-01-01,2010-06-22,2018-02-23,4712-12-31,"C.D. Cal.","District",17
26,"Feinerman, Gary",2010-02-24,2010-06-28,"80–0","Barack Obama",2009-01-01,2010-06-29,2018-02-23,4712-12-31,"N.D. Ill.","District",17
27,"Johnson Coleman, Sharon",2010-02-24,2010-07-12,"86–0","Barack Obama",2009-01-01,2010-07-13,2018-02-23,4712-12-31,"N.D. Ill.","District",18
28,"Childs, J. Michelle",2009-12-22,2010-08-05,"unanimous consent","Barack Obama",2009-01-01,2010-08-20,2018-02-23,4712-12-31,"D.S.C.","District",19
29,"Gergel, Richard Mark",2009-12-22,2010-08-05,"unanimous consent","Barack Obama",2009-01-01,2010-08-09,2018-02-23,4712-12-31,"D.S.C.","District",19
30,"Stark, Leonard P.",2010-03-17,2010-08-05,"unanimous consent","Barack Obama",2009-01-01,2010-08-10,2018-02-23,4712-12-31,"D. Del.","District",19
31,"Eagles, Catherine",2010-03-10,2010-12-16,"unanimous consent","Barack Obama",2009-01-01,2010-12-22,2018-02-23,4712-12-31,"M.D.N.C.","District",23
32,"Mueller, Kimberly J.",2010-03-10,2010-12-16,"unanimous consent","Barack Obama",2009-01-01,2010-12-21,2018-02-23,4712-12-31,"E.D. Cal.","District",23
33,"Gibney, Jr., John A.",2010-04-14,2010-12-16,"unanimous consent","Barack Obama",2009-01-01,2010-12-17,2018-02-23,4712-12-31,"E.D. Va.","District",23
34,"Bredar, James K.",2010-04-21,2010-12-16,"unanimous consent","Barack Obama",2009-01-01,2010-12-17,2018-02-23,4712-12-31,"D. Md.","District",23
35,"Nelson, Susan Richard",2010-04-21,2010-12-17,"unanimous consent","Barack Obama",2009-01-01,2010-12-21,2018-02-23,4712-12-31,"D. Minn.","District",23
36,"Casper, Denise J.",2010-04-28,2010-12-17,"unanimous consent","Barack Obama",2009-01-01,2010-12-20,2018-02-23,4712-12-31,"D. Mass.","District",23
37,"Hollander, Ellen Lipton",2010-04-21,2010-12-18,"95–0","Barack Obama",2009-01-01,2010-12-28,2018-02-23,4712-12-31,"D. Md.","District",23
38,"Chang, Edmond E.",2010-04-21,2010-12-18,"unanimous consent","Barack Obama",2009-01-01,2010-12-20,2018-02-23,4712-12-31,"N.D. Ill.","District",23
39,"Kobayashi, Leslie E.",2010-04-21,2010-12-18,"unanimous consent","Barack Obama",2009-01-01,2010-12-22,2018-02-23,4712-12-31,"D. Haw.","District",23
40,"Reeves, Carlton W.",2010-04-28,2010-12-19,"unanimous consent","Barack Obama",2009-01-01,2010-12-20,2018-02-23,4712-12-31,"S.D. Miss.","District",23
41,"Pearson, Benita Y.",2009-12-03,2010-12-21,"56–39","Barack Obama",2009-01-01,2010-12-27,2018-02-23,4712-12-31,"N.D. Ohio","District",23
42,"Martínez, William J.",2010-02-24,2010-12-21,"58–37","Barack Obama",2009-01-01,2010-12-21,2018-02-23,4712-12-31,"D. Colo.","District",23
43,"Howell, Beryl A.",2010-07-14,2010-12-22,"unanimous consent","Barack Obama",2009-01-01,2010-12-27,2018-02-23,4712-12-31,"D.D.C.","District",23
44,"Wilkins, Robert L.",2010-05-20,2010-12-22,"unanimous consent","Barack Obama",2009-01-01,2010-12-27,2014-01-15,NA,"D.D.C.","District",23
45,"Hernandez, Marco A.",2011-01-05,2011-02-07,"unanimous consent","Barack Obama",2009-01-01,2011-02-09,2018-02-23,4712-12-31,"D. Ore.","District",25
46,"Saldaña, Diana",2011-01-05,2011-02-07,"94–0","Barack Obama",2009-01-01,2011-02-09,2018-02-23,4712-12-31,"S.D. Tex.","District",25
47,"Holmes III, Paul K.",2011-01-05,2011-02-07,"95–0","Barack Obama",2009-01-01,2011-02-08,2018-02-23,4712-12-31,"W.D. Ark.","District",25
48,"Davila, Edward J.",2011-01-05,2011-02-14,"93–0","Barack Obama",2009-01-01,2011-03-03,2018-02-23,4712-12-31,"N.D. Cal.","District",26
49,"Totenberg, Amy",2011-01-05,2011-02-28,"voice vote","Barack Obama",2009-01-01,2011-03-01,2018-02-23,4712-12-31,"N.D. Ga.","District",26
50,"Jones, Steve C.",2011-01-05,2011-02-28,"90–0","Barack Obama",2009-01-01,2011-03-03,2018-02-23,4712-12-31,"N.D. Ga.","District",26
51,"Myerscough, Sue E.",2011-01-05,2011-03-07,"voice vote","Barack Obama",2009-01-01,2011-03-14,2018-02-23,4712-12-31,"C.D. Ill.","District",26
52,"Shadid, James E.",2011-01-05,2011-03-07,"89–0","Barack Obama",2009-01-01,2011-03-10,2018-02-23,4712-12-31,"C.D. Ill.","District",26
53,"Battaglia, Anthony J.",2011-01-05,2011-03-07,"89–0","Barack Obama",2009-01-01,2011-03-09,2018-02-23,4712-12-31,"S.D. Cal.","District",26
54,"Cogburn, Jr., Max O.",2011-01-05,2011-03-10,"96–0","Barack Obama",2009-01-01,2011-03-11,2018-02-23,4712-12-31,"W.D.N.C.","District",26
55,"Boasberg, James E.",2011-01-05,2011-03-14,"96–0","Barack Obama",2009-01-01,2011-03-17,2018-02-23,4712-12-31,"D.D.C.","District",26
56,"Jackson, Amy Berman",2011-01-05,2011-03-17,"97–0","Barack Obama",2009-01-01,2011-03-18,2018-02-23,4712-12-31,"D.D.C.","District",26
57,"D'Agostino, Mae",2011-01-05,2011-03-28,"88–0","Barack Obama",2009-01-01,2011-03-30,2018-02-23,4712-12-31,"N.D.N.Y.","District",26
58,"Briccetti, Vincent L.",2011-01-05,2011-04-12,"unanimous consent","Barack Obama",2009-01-01,2011-04-14,2018-02-23,4712-12-31,"S.D.N.Y.","District",27
59,"Kronstadt, John A.",2011-01-05,2011-04-12,"96–0","Barack Obama",2009-01-01,2011-04-14,2018-02-23,4712-12-31,"C.D. Cal.","District",27
60,"Dalton, Jr., Roy B.",2011-01-05,2011-05-02,"unanimous consent","Barack Obama",2009-01-01,2011-05-03,2018-02-23,4712-12-31,"M.D. Fla.","District",28
61,"Sharp, Kevin H.",2011-01-05,2011-05-02,"89–0","Barack Obama",2009-01-01,2011-05-03,2017-04-15,NA,"M.D. Tenn.","District",28
62,"McConnell, Jr., John J.",2011-01-05,2011-05-04,"50–44","Barack Obama",2009-01-01,2011-05-06,2018-02-23,4712-12-31,"D.R.I.","District",28
63,"Chen, Edward M.",2011-01-05,2011-05-10,"56–42","Barack Obama",2009-01-01,2011-05-12,2018-02-23,4712-12-31,"N.D. Cal.","District",28
64,"Allen, Arenda L. Wright",2011-01-05,2011-05-11,"96–0","Barack Obama",2009-01-01,2011-05-12,2018-02-23,4712-12-31,"E.D. Va.","District",28
65,"Urbanski, Michael F.",2011-01-05,2011-05-12,"94–0","Barack Obama",2009-01-01,2011-05-13,2018-02-23,4712-12-31,"W.D. Va.","District",28
66,"Cecchi, Claire C.",2011-01-05,2011-06-14,"98–0","Barack Obama",2009-01-01,2011-06-14,2018-02-23,4712-12-31,"D.N.J.","District",29
67,"Salas, Esther",2011-01-05,2011-06-14,"voice vote","Barack Obama",2009-01-01,2011-06-14,2018-02-23,4712-12-31,"D.N.J.","District",29
68,"Simon, Michael H.",2011-01-05,2011-06-21,"64–35","Barack Obama",2009-01-01,2011-06-22,2018-02-23,4712-12-31,"D. Ore.","District",29
69,"Oetken, J. Paul",2011-01-26,2011-07-18,"80–13","Barack Obama",2009-01-01,2011-07-20,2018-02-23,4712-12-31,"S.D.N.Y.","District",30
70,"Engelmayer, Paul A.",2011-02-02,2011-07-26,"98–0","Barack Obama",2009-01-01,2011-07-27,2018-02-23,4712-12-31,"S.D.N.Y.","District",30
71,"Darrow, Sara Lynn",2011-01-05,2011-08-02,"unanimous consent","Barack Obama",2009-01-01,2011-08-03,2018-02-23,4712-12-31,"C.D. Ill.","District",31
72,"Jackson, R. Brooke",2011-01-05,2011-08-02,"unanimous consent","Barack Obama",2009-01-01,2011-09-01,2018-02-23,4712-12-31,"D. Colo.","District",32
73,"Williams, Kathleen M.",2011-01-05,2011-08-02,"unanimous consent","Barack Obama",2009-01-01,2011-08-04,2018-02-23,4712-12-31,"S.D. Fla.","District",31
74,"Ramos, Nelva Gonzales",2011-01-26,2011-08-02,"unanimous consent","Barack Obama",2009-01-01,2011-08-04,2018-02-23,4712-12-31,"S.D. Tex.","District",31
75,"Ross, John Andrew",2011-01-05,2011-09-20,"unanimous consent","Barack Obama",2009-01-01,2011-10-11,2018-02-23,4712-12-31,"E.D. Mo.","District",33
76,"Cain, Timothy M.",2011-02-16,2011-09-20,"99–0","Barack Obama",2009-01-01,2011-09-26,2018-02-23,4712-12-31,"D.S.C.","District",32
77,"Brown, Nannette Jolivette",2011-03-02,2011-10-03,"unanimous consent","Barack Obama",2009-01-01,2011-10-04,2018-02-23,4712-12-31,"E.D. La.","District",33
78,"Torresen, Nancy",2011-03-02,2011-10-03,"unanimous consent","Barack Obama",2009-01-01,2011-10-04,2018-02-23,4712-12-31,"D. Me.","District",33
79,"Kuntz, William Francis",2011-03-09,2011-10-03,"unanimous consent","Barack Obama",2009-01-01,2011-10-04,2018-02-23,4712-12-31,"E.D.N.Y.","District",33
80,"Marmolejo, Marina",2011-01-05,2011-10-03,"unanimous consent","Barack Obama",2009-01-01,2011-10-04,2018-02-23,4712-12-31,"S.D. Tex.","District",33
81,"Zipps, Jennifer Guerin",2011-06-23,2011-10-03,"unanimous consent","Barack Obama",2009-01-01,2011-10-05,2018-02-23,4712-12-31,"D. Ariz.","District",33
82,"Milazzo, Jane Margaret Triche",2011-03-16,2011-10-11,"98–0","Barack Obama",2009-01-01,2011-10-12,2018-02-23,4712-12-31,"E.D. La.","District",33
83,"Nathan, Alison J.",2011-03-31,2011-10-13,"48–44","Barack Obama",2009-01-01,2011-10-17,2018-02-23,4712-12-31,"S.D.N.Y.","District",33
84,"Hickey, Susan Owens",2011-04-06,2011-10-13,"83–8","Barack Obama",2009-01-01,2011-10-19,2018-02-23,4712-12-31,"W.D. Ark.","District",33
85,"Forrest, Katherine B.",2011-05-04,2011-10-13,"voice vote","Barack Obama",2009-01-01,2011-10-17,2018-02-23,4712-12-31,"S.D.N.Y.","District",33
86,"Bissoon, Cathy",2011-01-05,2011-10-17,"82–3","Barack Obama",2009-01-01,2011-10-19,2018-02-23,4712-12-31,"W.D. Pa.","District",33
87,"Hornak, Mark R.",2011-01-05,2011-10-19,"voice vote","Barack Obama",2009-01-01,2011-10-19,2018-02-23,4712-12-31,"W.D. Pa.","District",33
88,"Scola, Jr., Robert N.",2011-05-04,2011-10-19,"voice vote","Barack Obama",2009-01-01,2011-10-20,2018-02-23,4712-12-31,"S.D. Fla.","District",33
89,"Mariani, Robert D.",2011-01-05,2011-10-19,"82–17","Barack Obama",2009-01-01,2011-10-19,2018-02-23,4712-12-31,"M.D. Pa.","District",33
90,"Andrews, Richard G.",2011-05-11,2011-11-03,"unanimous consent","Barack Obama",2009-01-01,2011-11-07,2018-02-23,4712-12-31,"D. Del.","District",34
91,"Skavdahl, Scott W.",2011-02-16,2011-11-03,"96–0","Barack Obama",2009-01-01,2011-11-07,2018-02-23,4712-12-31,"D. Wyo.","District",34
92,"Gleason, Sharon L.",2011-04-06,2011-11-15,"87–8","Barack Obama",2009-01-01,2012-01-04,2018-02-23,4712-12-31,"D. Alaska","District",36
93,"Rogers, Yvonne Gonzalez",2011-05-04,2011-11-15,"89–6","Barack Obama",2009-01-01,2011-11-21,2018-02-23,4712-12-31,"N.D. Cal.","District",34
94,"Ramos, Edgardo",2011-05-04,2011-12-05,"89–0","Barack Obama",2009-01-01,2011-12-06,2018-02-23,4712-12-31,"S.D.N.Y.","District",35
95,"Carter, Jr., Andrew L.",2011-05-19,2011-12-05,"voice vote","Barack Obama",2009-01-01,2011-12-08,2018-02-23,4712-12-31,"S.D.N.Y.","District",35
96,"Gilstrap, James Rodney",2011-05-19,2011-12-05,"voice vote","Barack Obama",2009-01-01,2011-12-06,2018-02-23,4712-12-31,"E.D. Tex.","District",35
97,"Christensen, Dana L.",2011-05-04,2011-12-05,"voice vote","Barack Obama",2009-01-01,2011-12-06,2018-02-23,4712-12-31,"D. Mont.","District",35
98,"Gerrard, John M.",2011-05-04,2012-01-23,"74–16","Barack Obama",2009-01-01,2012-02-06,2018-02-23,4712-12-31,"D. Neb.","District",37
99,"Bencivengo, Cathy Ann",2011-05-11,2012-02-09,"90–6","Barack Obama",2009-01-01,2012-02-10,2018-02-23,4712-12-31,"S.D. Cal.","District",37
100,"Furman, Jesse M.",2011-06-07,2012-02-17,"62–34","Barack Obama",2009-01-01,2012-02-17,2018-02-23,4712-12-31,"S.D.N.Y.","District",37
101,"Brodie, Margo Kitsy",2011-06-07,2012-02-27,"86–2","Barack Obama",2009-01-01,2012-02-29,2018-02-23,4712-12-31,"E.D.N.Y.","District",37
102,"Phillips, Mary Elizabeth",2011-06-07,2012-03-06,"95–2","Barack Obama",2009-01-01,2012-03-22,2018-02-23,4712-12-31,"W.D. Mo.","District",38
103,"Rice, Thomas O.",2011-06-29,2012-03-06,"93–4","Barack Obama",2009-01-01,2012-03-08,2018-02-23,4712-12-31,"E.D. Wash.","District",38
104,"Groh, Gina Marie",2011-05-19,2012-03-15,"95–2","Barack Obama",2009-01-01,2012-03-20,2018-02-23,4712-12-31,"N.D.W.Va.","District",38
105,"Fitzgerald, Michael W.",2011-07-20,2012-03-15,"91–6","Barack Obama",2009-01-01,2012-03-15,2018-02-23,4712-12-31,"C.D. Cal.","District",38
106,"Nuffer, David",2011-06-29,2012-03-22,"96–2","Barack Obama",2009-01-01,2012-03-23,2018-02-23,4712-12-31,"D. Utah","District",38
107,"Abrams, Ronnie",2011-07-28,2012-03-22,"96–2","Barack Obama",2009-01-01,2012-03-23,2018-02-23,4712-12-31,"S.D.N.Y.","District",38
108,"Contreras, Rudolph",2011-07-28,2012-03-22,"voice vote","Barack Obama",2009-01-01,2012-03-23,2018-02-23,4712-12-31,"D.D.C.","District",38
109,"Du, Miranda",2011-08-02,2012-03-28,"59–39","Barack Obama",2009-01-01,2012-03-30,2018-02-23,4712-12-31,"D. Nev.","District",38
110,"Morgan, Susie",2011-06-07,2012-03-28,"96–1","Barack Obama",2009-01-01,2012-03-30,2018-02-23,4712-12-31,"E.D. La.","District",38
111,"Wimes, Brian C.",2011-09-22,2012-04-23,"92–1","Barack Obama",2009-01-01,2012-04-30,2018-02-23,4712-12-31,"E.D. Mo.W.D. Mo.","District",39
112,"Costa, Gregg",2011-09-08,2012-04-26,"97–2","Barack Obama",2009-01-01,2012-04-26,2014-06-02,NA,"S.D. Tex","District",39
113,"Guaderrama, David Campos",2011-09-14,2012-04-26,"voice vote","Barack Obama",2009-01-01,2012-04-30,2018-02-23,4712-12-31,"W.D. Tex.","District",39
114,"Baker, Kristine G.",2011-11-02,2012-05-07,"voice vote","Barack Obama",2009-01-01,2012-05-08,2018-02-23,4712-12-31,"E.D. Ark.","District",40
115,"Lee, John Z.",2011-11-10,2012-05-07,"voice vote","Barack Obama",2009-01-01,2012-05-08,2018-02-23,4712-12-31,"N.D. Ill.","District",40
116,"Russell III, George Levi",2011-11-10,2012-05-14,"voice vote","Barack Obama",2009-01-01,2012-05-22,2018-02-23,4712-12-31,"D. Md.","District",40
117,"Tharp, Jr., John J.",2011-11-10,2012-05-14,"86–1","Barack Obama",2009-01-01,2012-05-16,2018-02-23,4712-12-31,"N.D. Ill.","District",40
118,"Hillman, Timothy S.",2011-11-30,2012-06-04,"88–1","Barack Obama",2009-01-01,2012-06-06,2018-02-23,4712-12-31,"D. Mass.","District",41
119,"Helmick, Jeffrey J.",2011-05-11,2012-06-06,"62–36","Barack Obama",2009-01-01,2012-06-07,2018-02-23,4712-12-31,"N.D. Ohio","District",41
120,"Lewis, Mary Geiger",2011-03-16,2012-06-18,"64–27","Barack Obama",2009-01-01,2012-06-20,2018-02-23,4712-12-31,"D.S.C.","District",41
121,"Rosenbaum, Robin S.",2011-11-30,2012-06-26,"92–3","Barack Obama",2009-01-01,2012-06-27,2014-06-02,NA,"S.D. Fla.","District",41
122,"Fowlkes, Jr., John Thomas",2011-12-16,2012-07-10,"94–2","Barack Obama",2009-01-01,2012-08-01,2018-02-23,4712-12-31,"W.D. Tenn.","District",43
123,"McNulty, Kevin",2011-12-16,2012-07-16,"91–3","Barack Obama",2009-01-01,2012-07-18,2018-02-23,4712-12-31,"D.N.J.","District",42
124,"Shipp, Michael A.",2012-01-23,2012-07-23,"91–1","Barack Obama",2009-01-01,2012-07-26,2018-02-23,4712-12-31,"D.N.J.","District",42
125,"Drain, Gershwin A.",2011-11-17,2012-08-02,"55–41","Barack Obama",2009-01-01,2012-08-08,2018-02-23,4712-12-31,"E.D. Mich.","District",43
126,"Rose, Stephanie Marie",2012-02-02,2012-09-10,"89–1","Barack Obama",2009-01-01,2012-09-17,2018-02-23,4712-12-31,"S.D. Iowa","District",44
127,"Curiel, Gonzalo P.",2011-11-10,2012-09-21,"voice vote","Barack Obama",2009-01-01,2012-10-01,2018-02-23,4712-12-31,"S.D. Cal.","District",45
128,"Shelby, Robert J.",2011-11-30,2012-09-21,"voice vote","Barack Obama",2009-01-01,2012-09-25,2018-02-23,4712-12-31,"D. Utah","District",44
129,"Grimm, Paul W.",2012-02-16,2012-12-03,"92–1","Barack Obama",2009-01-01,2012-12-06,2018-02-23,4712-12-31,"D. Md.","District",47
130,"Shea, Michael P.",2012-02-02,2012-12-05,"72–23","Barack Obama",2009-01-01,2012-12-07,2018-02-23,4712-12-31,"D. Conn.","District",47
131,"Walker, Mark E.",2012-02-16,2012-12-06,"94–0","Barack Obama",2009-01-01,2012-12-07,2018-02-23,4712-12-31,"N.D. Fla.","District",47
132,"Berg, Terrence G.",2012-04-25,2012-12-06,"voice vote","Barack Obama",2009-01-01,2012-12-07,2018-02-23,4712-12-31,"E.D. Mich.","District",47
133,"Dowdell, John E.",2012-02-29,2012-12-11,"95–0","Barack Obama",2009-01-01,2012-12-12,2018-02-23,4712-12-31,"N.D. Okla.","District",47
134,"Bernal, Jesus G.",2012-04-25,2012-12-11,"voice vote","Barack Obama",2009-01-01,2012-12-12,2018-02-23,4712-12-31,"C.D. Cal.","District",47
135,"Schofield, Lorna G.",2012-04-25,2012-12-13,"91–0","Barack Obama",2009-01-01,2012-12-13,2018-02-23,4712-12-31,"S.D.N.Y.","District",47
136,"Geraci, Jr., Frank Paul",2012-05-14,2012-12-13,"voice vote","Barack Obama",2009-01-01,2013-01-02,2018-02-23,4712-12-31,"W.D.N.Y.","District",48
137,"Olguin, Fernando M.",2012-05-14,2012-12-17,"voice vote","Barack Obama",2009-01-01,2013-01-16,2018-02-23,4712-12-31,"C.D. Cal.","District",48
138,"Durkin, Thomas M.",2012-05-21,2012-12-17,"voice vote","Barack Obama",2009-01-01,2012-12-19,2018-02-23,4712-12-31,"N.D. Ill.","District",47
139,"Brann, Matthew W.",2012-05-17,2012-12-21,"unanimous consent","Barack Obama",2009-01-01,2012-12-27,2018-02-23,4712-12-31,"M.D. Pa.","District",47
140,"Mannion, Malachy E.",2012-05-17,2012-12-21,"unanimous consent","Barack Obama",2009-01-01,2012-12-27,2018-02-23,4712-12-31,"M.D. Pa.","District",47
141,"Tigar, Jon S.",2012-06-11,2012-12-21,"unanimous consent","Barack Obama",2009-01-01,2013-01-18,2018-02-23,4712-12-31,"N.D. Cal.","District",48
142,"Chen, Pamela K.",2013-01-03,2013-03-04,"voice vote","Barack Obama",2009-01-01,2013-03-05,2018-02-23,4712-12-31,"E.D.N.Y.","District",50
143,"Failla, Katherine Polk",2013-01-03,2013-03-04,"91–0","Barack Obama",2009-01-01,2013-03-05,2018-02-23,4712-12-31,"S.D.N.Y.","District",50
144,"Gordon, Andrew Patrick",2013-01-03,2013-03-11,"voice vote","Barack Obama",2009-01-01,2013-03-12,2018-02-23,4712-12-31,"D. Nev.","District",50
145,"Jackson, Ketanji Brown",2013-01-03,2013-03-22,"voice vote","Barack Obama",2009-01-01,2013-03-26,2018-02-23,4712-12-31,"D.D.C.","District",50
146,"Moore, Raymond P.",2013-01-03,2013-03-22,"voice vote","Barack Obama",2009-01-01,2013-03-26,2018-02-23,4712-12-31,"D. Colo.","District",50
147,"Nunley, Troy L.",2013-01-03,2013-03-22,"voice vote","Barack Obama",2009-01-01,2013-03-26,2018-02-23,4712-12-31,"E.D. Cal.","District",50
148,"O'Connell, Beverly Reid",2013-01-03,2013-04-15,"92–0","Barack Obama",2009-01-01,2013-04-30,2017-10-08,4712-12-31,"C.D. Cal.","District",51
149,"Torres, Analisa",2013-01-03,2013-04-18,"voice vote","Barack Obama",2009-01-01,2013-04-23,2018-02-23,4712-12-31,"S.D.N.Y.","District",51
150,"Watson, Derrick Kahala",2013-01-03,2013-04-18,"94–0","Barack Obama",2009-01-01,2013-04-23,2018-02-23,4712-12-31,"D. Haw.","District",51
151,"Dick, Shelly Deckert",2013-01-03,2013-05-09,"voice vote","Barack Obama",2009-01-01,2013-05-10,2018-02-23,4712-12-31,"M.D. La.","District",52
152,"Roman, Nelson S.",2013-01-03,2013-05-09,"97–0","Barack Obama",2009-01-01,2013-05-13,2018-02-23,4712-12-31,"S.D.N.Y.","District",52
153,"Orrick III, William H.",2013-01-03,2013-05-15,"56–41","Barack Obama",2009-01-01,2013-05-16,2018-02-23,4712-12-31,"N.D. Cal.","District",52
154,"Chappell, Sheri Polster",2013-01-03,2013-05-20,"90–0","Barack Obama",2009-01-01,2013-05-22,2018-02-23,4712-12-31,"M.D. Fla.","District",52
155,"McShane, Michael J.",2013-01-03,2013-05-20,"voice vote","Barack Obama",2009-01-01,2013-05-30,2018-02-23,4712-12-31,"D. Ore.","District",52
156,"Quiñones Alejandro, Nitza I.",2013-01-03,2013-06-13,"voice vote","Barack Obama",2009-01-01,2013-06-19,2018-02-23,4712-12-31,"E.D. Pa.","District",53
157,"Schmehl, Jeffrey L.",2013-01-03,2013-06-13,"100–0","Barack Obama",2009-01-01,2013-06-25,2018-02-23,4712-12-31,"E.D. Pa.","District",53
158,"Restrepo, Luis Felipe",2013-01-03,2013-06-17,"voice vote","Barack Obama",2009-01-01,2013-06-19,2016-01-13,NA,"E.D. Pa.","District",53
159,"Gonzales, Kenneth John",2013-01-03,2013-06-17,"89–0","Barack Obama",2009-01-01,2013-08-09,2018-02-23,4712-12-31,"D.N.M.","District",55
160,"Dorsey, Jennifer A.",2013-01-03,2013-07-09,"54–41","Barack Obama",2009-01-01,2013-07-09,2018-02-23,4712-12-31,"D. Nev.","District",54
161,"Caproni, Valerie E.",2013-01-03,2013-09-09,"73–24","Barack Obama",2009-01-01,2013-12-02,2018-02-23,4712-12-31,"S.D.N.Y.","District",59
162,"Broderick, Vernon S.",2013-04-15,2013-09-09,"voice vote","Barack Obama",2009-01-01,2013-09-10,2018-02-23,4712-12-31,"S.D.N.Y.","District",56
163,"Bruce, Colin S.",2013-05-06,2013-10-07,"96–0","Barack Obama",2009-01-01,2013-10-08,2018-02-23,4712-12-31,"C.D. Ill.","District",57
164,"Ellis, Sara L.",2013-05-06,2013-10-07,"voice vote","Barack Obama",2009-01-01,2013-10-08,2018-02-23,4712-12-31,"N.D. Ill.","District",57
165,"Wood, Andrea R.",2013-05-06,2013-10-14,"voice vote","Barack Obama",2009-01-01,2013-10-15,2018-02-23,4712-12-31,"N.D. Ill.","District",57
166,"Haikala, Madeline Hughes",2013-05-09,2013-10-14,"90–0","Barack Obama",2009-01-01,2013-10-16,2018-02-23,4712-12-31,"N.D. Ala.","District",57
167,"Woods, Gregory Howard",2013-05-09,2013-11-04,"voice vote","Barack Obama",2009-01-01,2013-11-18,2018-02-23,4712-12-31,"S.D.N.Y.","District",58
168,"Brown, Debra M.",2013-05-16,2013-11-04,"90–0","Barack Obama",2009-01-01,2013-11-05,2018-02-23,4712-12-31,"N.D. Miss.","District",58
169,"Wolford, Elizabeth A.",2013-05-16,2013-12-12,"70–29","Barack Obama",2009-01-01,2013-12-17,2018-02-23,4712-12-31,"W.D.N.Y.","District",59
170,"McCafferty, Landya B.",2013-05-23,2013-12-12,"79–19","Barack Obama",2009-01-01,2013-12-17,2018-02-23,4712-12-31,"D.N.H.","District",59
171,"Morris, Brian",2013-05-23,2013-12-12,"75–20","Barack Obama",2009-01-01,2013-12-17,2018-02-23,4712-12-31,"D. Mont.","District",59
172,"Watters, Susan P.",2013-05-23,2013-12-12,"77–19","Barack Obama",2009-01-01,2013-12-18,2018-02-23,4712-12-31,"D. Mont.","District",59
173,"Davis, Brian J.",2013-01-03,2013-12-20,"68–26","Barack Obama",2009-01-01,2013-12-26,2018-02-23,4712-12-31,"M.D. Fla.","District",59
174,"Meyer, Jeffrey A.",2014-01-06,2014-02-24,"91–2","Barack Obama",2009-01-01,2014-02-25,2018-02-23,4712-12-31,"D. Conn.","District",61
175,"Moody, Jr., James Maxwell",2014-01-06,2014-02-25,"95–4","Barack Obama",2009-01-01,2014-03-10,2018-02-23,4712-12-31,"E.D. Ark.","District",62
176,"Donato, James",2014-01-06,2014-02-25,"90–5","Barack Obama",2009-01-01,2014-02-26,2018-02-23,4712-12-31,"N.D. Cal.","District",61
177,"Freeman, Beth Labson",2014-01-06,2014-02-25,"91–7","Barack Obama",2009-01-01,2014-02-26,2018-02-23,4712-12-31,"N.D. Cal.","District",61
178,"Delgado Hernández, Pedro",2014-01-06,2014-03-05,"98–0","Barack Obama",2009-01-01,2014-03-07,2018-02-23,4712-12-31,"D.P.R.","District",62
179,"Reeves, Pamela L.",2014-01-06,2014-03-05,"99–0","Barack Obama",2009-01-01,2014-03-07,2018-02-23,4712-12-31,"E.D. Tenn.","District",62
180,"Brooks, Timothy L.",2014-01-06,2014-03-05,"100–0","Barack Obama",2009-01-01,2014-03-07,2018-02-23,4712-12-31,"W.D. Ark.","District",62
181,"Chhabria, Vince Girdhari",2014-01-06,2014-03-05,"58–41","Barack Obama",2009-01-01,2014-03-07,2018-02-23,4712-12-31,"N.D. Cal.","District",62
182,"Leitman, Matthew Frederick",2014-01-06,2014-03-12,"98–0","Barack Obama",2009-01-01,2014-03-14,2018-02-23,4712-12-31,"E.D. Mich.","District",62
183,"Levy, Judith Ellen",2014-01-06,2014-03-12,"97–0","Barack Obama",2009-01-01,2014-03-14,2018-02-23,4712-12-31,"E.D. Mich.","District",62
184,"Michelson, Laurie J.",2014-01-06,2014-03-12,"98–0","Barack Obama",2009-01-01,2014-03-14,2018-02-23,4712-12-31,"E.D. Mich.","District",62
185,"Parker, Linda Vivienne",2014-01-06,2014-03-12,"60–37","Barack Obama",2009-01-01,2014-03-17,2018-02-23,4712-12-31,"E.D. Mich.","District",62
186,"Cooper, Christopher Reid",2014-01-06,2014-03-26,"100–0","Barack Obama",2009-01-01,2014-03-28,2018-02-23,4712-12-31,"D.D.C.","District",62
187,"Harpool, M. Douglas",2014-01-06,2014-03-26,"93–5","Barack Obama",2009-01-01,2014-03-28,2018-02-23,4712-12-31,"W.D. Mo.","District",62
188,"McHugh, Jr., Gerald Austin",2014-01-06,2014-03-26,"59–41","Barack Obama",2009-01-01,2014-03-28,2018-02-23,4712-12-31,"E.D. Pa.","District",62
189,"Smith, Edward G.",2014-01-06,2014-03-26,"69–31","Barack Obama",2009-01-01,2014-03-31,2018-02-23,4712-12-31,"E.D. Pa.","District",62
190,"Lipman, Sheryl H.",2014-01-06,2014-04-30,"95–0","Barack Obama",2009-01-01,2014-05-01,2018-02-23,4712-12-31,"W.D. Tenn.","District",64
191,"Bastian, Stanley Allen",2014-01-06,2014-04-30,"95–0","Barack Obama",2009-01-01,2014-05-01,2018-02-23,4712-12-31,"E.D. Wash.","District",64
192,"Shah, Manish S.",2014-01-06,2014-04-30,"95–0","Barack Obama",2009-01-01,2014-05-01,2018-02-23,4712-12-31,"N.D. Ill.","District",64
193,"Crabtree, Daniel D.",2014-01-06,2014-04-30,"94–0","Barack Obama",2009-01-01,2014-05-01,2018-02-23,4712-12-31,"D. Kan.","District",64
194,"Bashant, Cynthia Ann",2014-01-06,2014-04-30,"94–0","Barack Obama",2009-01-01,2014-05-08,2018-02-23,4712-12-31,"S.D. Cal.","District",64
195,"Levy, Jon D.",2014-01-06,2014-04-30,"75–20","Barack Obama",2009-01-01,2014-05-02,2018-02-23,4712-12-31,"D. Me.","District",64
196,"Chuang, Theodore D.",2014-01-06,2014-05-01,"53–42","Barack Obama",2009-01-01,2014-05-02,2018-02-23,4712-12-31,"D. Md.","District",64
197,"Hazel, George J.",2014-01-06,2014-05-01,"95–0","Barack Obama",2009-01-01,2014-05-02,2018-02-23,4712-12-31,"D. Md.","District",64
198,"Talwani, Indira",2014-01-06,2014-05-08,"94–0","Barack Obama",2009-01-01,2014-05-12,2018-02-23,4712-12-31,"D. Mass.","District",64
199,"Peterson, James D.",2014-01-06,2014-05-08,"70–24","Barack Obama",2009-01-01,2014-05-12,2018-02-23,4712-12-31,"W.D. Wis.","District",64
200,"Rosenstengel, Nancy J.",2014-01-06,2014-05-08,"95–0","Barack Obama",2009-01-01,2014-05-12,2018-02-23,4712-12-31,"S.D. Ill.","District",64
201,"Logan, Steven",2014-01-06,2014-05-14,"96–0","Barack Obama",2009-01-01,2014-05-16,2018-02-23,4712-12-31,"D. Ariz.","District",64
202,"Tuchi, John Joseph",2014-01-06,2014-05-14,"96–0","Barack Obama",2009-01-01,2014-05-16,2018-02-23,4712-12-31,"D. Ariz.","District",64
203,"Humetewa, Diane",2014-01-06,2014-05-14,"96–0","Barack Obama",2009-01-01,2014-05-16,2018-02-23,4712-12-31,"D. Ariz.","District",64
204,"Márquez, Rosemary",2014-01-06,2014-05-15,"81–15","Barack Obama",2009-01-01,2014-05-19,2018-02-23,4712-12-31,"D. Ariz.","District",64
205,"Rayes, Douglas L.",2014-01-06,2014-05-15,"77–19","Barack Obama",2009-01-01,2014-05-28,2018-02-23,4712-12-31,"D. Ariz.","District",64
206,"Soto, James Alan",2014-01-06,2014-05-15,"95–1","Barack Obama",2009-01-01,2014-06-09,2018-02-23,4712-12-31,"D. Ariz.","District",65
207,"Mastroianni, Mark G.",2014-01-06,2014-06-04,"92–2","Barack Obama",2009-01-01,2014-06-05,2018-02-23,4712-12-31,"D. Mass.","District",65
208,"Hendricks, Bruce Howe",2014-01-06,2014-06-04,"95–0","Barack Obama",2009-01-01,2014-06-05,2018-02-23,4712-12-31,"D.S.C.","District",65
209,"Chutkan, Tanya S.",2014-01-06,2014-06-04,"95–0","Barack Obama",2009-01-01,2014-06-05,2018-02-23,4712-12-31,"D.D.C.","District",65
210,"Lauck, M. Hannah",2014-01-06,2014-06-10,"90–0","Barack Obama",2009-01-01,2014-06-10,2018-02-23,4712-12-31,"E.D. Va.","District",65
211,"Sorokin, Leo T.",2014-01-06,2014-06-10,"91–0","Barack Obama",2009-01-01,2014-06-10,2018-02-23,4712-12-31,"D. Mass.","District",65
212,"Boulware II, Richard Franklin",2014-01-16,2014-06-10,"58–35","Barack Obama",2009-01-01,2014-06-10,2018-02-23,4712-12-31,"D. Nev.","District",65
213,"Mendoza, Jr., Salvador",2014-01-16,2014-06-17,"92–4","Barack Obama",2009-01-01,2014-06-19,2018-02-23,4712-12-31,"E.D. Wash.","District",65
214,"Yandle, Staci Michelle",2014-01-16,2014-06-17,"52–44","Barack Obama",2009-01-01,2014-06-19,2018-02-23,4712-12-31,"S.D. Ill.","District",65
215,"Gayles, Darrin P.",2014-02-06,2014-06-17,"98–0","Barack Obama",2009-01-01,2014-06-19,2018-02-23,4712-12-31,"S.D. Fla.","District",65
216,"Byron, Paul G.",2014-02-06,2014-06-24,"94–0","Barack Obama",2009-01-01,2014-06-24,2018-02-23,4712-12-31,"M.D. Fla.","District",65
217,"Mendoza, Carlos Eduardo",2014-02-06,2014-06-24,"94–0","Barack Obama",2009-01-01,2014-06-27,2018-02-23,4712-12-31,"M.D. Fla.","District",65
218,"Bloom, Beth",2014-02-06,2014-06-24,"95–0","Barack Obama",2009-01-01,2014-06-25,2018-02-23,4712-12-31,"S.D. Fla.","District",65
219,"Crawford, Geoffrey W.",2014-05-20,2014-06-24,"95–0","Barack Obama",2009-01-01,2014-08-04,2018-02-23,4712-12-31,"D. Vt.","District",67
220,"White, Ronnie L.",2014-01-06,2014-07-16,"53–44","Barack Obama",2009-01-01,2014-07-17,2018-02-23,4712-12-31,"E.D. Mo.","District",66
221,"Birotte Jr., André",2014-04-03,2014-07-22,"100–0","Barack Obama",2009-01-01,2014-08-08,2018-02-23,4712-12-31,"C.D. Cal.","District",67
222,"Rosenberg, Robin L.",2014-02-26,2014-07-22,"100–0","Barack Obama",2009-01-01,2014-07-24,2018-02-23,4712-12-31,"S.D. Fla.","District",66
223,"deGravelles, John W.",2014-03-13,2014-07-22,"100–0","Barack Obama",2009-01-01,2014-07-23,2018-02-23,4712-12-31,"M.D. La.","District",66
224,"Moss, Randolph",2014-04-03,2014-11-13,"54–45","Barack Obama",2009-01-01,2014-11-14,2018-02-23,4712-12-31,"D.D.C.","District",70
225,"May, Leigh Martin",2014-01-06,2014-11-13,"99–0","Barack Obama",2009-01-01,2014-11-14,2018-02-23,4712-12-31,"N.D. Ga.","District",70
226,"Abrams, Leslie Joyce",2014-03-11,2014-11-18,"100–0","Barack Obama",2009-01-01,2014-11-20,2018-02-23,4712-12-31,"M.D. Ga.","District",70
227,"Cohen, Mark Howard",2014-01-06,2014-11-18,"voice vote","Barack Obama",2009-01-01,2014-11-20,2018-02-23,4712-12-31,"N.D. Ga.","District",70
228,"Ross, Eleanor Louise",2014-01-06,2014-11-18,"voice vote","Barack Obama",2009-01-01,2014-11-20,2018-02-23,4712-12-31,"N.D. Ga.","District",70
229,"Pepper, Pamela",2014-05-01,2014-11-20,"95–0","Barack Obama",2009-01-01,2014-12-08,2018-02-23,4712-12-31,"E.D. Wis.","District",71
230,"Sannes, Brenda K.",2014-05-08,2014-11-20,"96–0","Barack Obama",2009-01-01,2014-11-21,2018-02-23,4712-12-31,"N.D.N.Y","District",70
231,"Arleo, Madeline Cox",2014-06-26,2014-11-20,"voice vote","Barack Obama",2009-01-01,2014-11-21,2018-02-23,4712-12-31,"D.N.J.","District",70
232,"Beetlestone, Wendy",2014-06-16,2014-11-20,"voice vote","Barack Obama",2009-01-01,2014-11-21,2018-02-23,4712-12-31,"E.D. Pa.","District",70
233,"Bolden, Victor Allen",2014-06-16,2014-11-20,"49–46","Barack Obama",2009-01-01,2014-11-21,2018-02-23,4712-12-31,"D. Conn.","District",70
234,"Hale, David J.",2014-06-19,2014-12-03,"voice vote","Barack Obama",2009-01-01,2014-12-10,2018-02-23,4712-12-31,"W.D. Ky.","District",71
235,"Kearney, Mark A.",2014-06-16,2014-12-03,"voice vote","Barack Obama",2009-01-01,2014-12-04,2018-02-23,4712-12-31,"E.D. Pa.","District",71
236,"Pappert, Jerry",2014-06-16,2014-12-03,"voice vote","Barack Obama",2009-01-01,2014-12-04,2018-02-23,4712-12-31,"E.D. Pa.","District",71
237,"Stivers, Gregory N.",2014-06-19,2014-12-04,"voice vote","Barack Obama",2009-01-01,2014-12-05,2018-02-23,4712-12-31,"W.D. Ky.","District",71
238,"Leeson, Jr., Joseph F.",2014-06-16,2014-12-04,"76–16","Barack Obama",2009-01-01,2014-12-05,2018-02-23,4712-12-31,"E.D. Pa.","District",71
239,"Bough, Stephen R.",2014-01-16,2014-12-16,"51–38","Barack Obama",2009-01-01,2014-12-19,2018-02-23,4712-12-31,"W.D. Mo.","District",71
240,"Alonso, Jorge Luis",2014-08-05,2014-12-16,"voice vote","Barack Obama",2009-01-01,2014-12-19,2018-02-23,4712-12-31,"N.D. Ill.","District",71
241,"Gilliam, Jr., Haywood Stirling",2014-09-08,2014-12-16,"voice vote","Barack Obama",2009-01-01,2014-12-19,2018-02-23,4712-12-31,"N.D. Cal.","District",71
242,"Mehta, Amit P.",2014-07-31,2014-12-16,"voice vote","Barack Obama",2009-01-01,2014-12-19,2018-02-23,4712-12-31,"D.D.C.","District",71
243,"Burroughs, Allison Dale",2014-07-31,2014-12-16,"voice vote","Barack Obama",2009-01-01,2014-12-19,2018-02-23,4712-12-31,"D. Mass.","District",71
244,"Blakey, John Robert",2014-08-05,2014-12-16,"voice vote","Barack Obama",2009-01-01,2014-12-19,2018-02-23,4712-12-31,"N.D. Ill.","District",71
245,"Mazzant III, Amos L.",2014-06-26,2014-12-16,"voice vote","Barack Obama",2009-01-01,2014-12-19,2018-02-23,4712-12-31,"E.D. Tex.","District",71
246,"Pitman, Robert L.",2014-06-26,2014-12-16,"voice vote","Barack Obama",2009-01-01,2014-12-19,2018-02-23,4712-12-31,"W.D. Tex.","District",71
247,"Schroeder III, Robert W.",2014-06-26,2014-12-16,"voice vote","Barack Obama",2009-01-01,2014-12-19,2018-02-23,4712-12-31,"E.D. Tex.","District",71
248,"Azrack, Joan",2014-09-18,2014-12-16,"voice vote","Barack Obama",2009-01-01,2014-12-19,2018-02-23,4712-12-31,"E.D.N.Y.","District",71
249,"Dillon, Elizabeth K.",2014-09-18,2014-12-16,"voice vote","Barack Obama",2009-01-01,2014-12-19,2018-02-23,4712-12-31,"W.D. Va.","District",71
250,"Biggs, Loretta Copeland",2014-09-18,2014-12-16,"voice vote","Barack Obama",2009-01-01,2014-12-19,2018-02-23,4712-12-31,"M.D.N.C.","District",71
251,"Bennett, Alfred H.",2015-01-07,2015-04-13,"95–0","Barack Obama",2009-01-01,2015-04-15,2018-02-23,4712-12-31,"S.D. Tex.","District",75
252,"Hanks, Jr., George C.",2015-01-07,2015-04-20,"91–0","Barack Obama",2009-01-01,2015-04-22,2018-02-23,4712-12-31,"S.D. Tex.","District",75
253,"Parrish, Jill",2015-01-07,2015-05-21,"100–0","Barack Obama",2009-01-01,2015-08-17,2018-02-23,4712-12-31,"D. Utah","District",79
254,"Olvera, Jr., Jose Rolando",2015-01-07,2015-05-21,"100–0","Barack Obama",2009-01-01,2015-08-04,2018-02-23,4712-12-31,"S.D. Tex.","District",79
255,"Ketchmark, Roseann A.",2015-01-07,2015-09-08,"96–0","Barack Obama",2009-01-01,2015-09-14,2018-02-23,4712-12-31,"W.D. Mo.","District",80
256,"Drozd, Dale A.",2015-01-07,2015-10-05,"69–21","Barack Obama",2009-01-01,2015-11-02,2018-02-23,4712-12-31,"E.D. Cal.","District",82
257,"Donnelly, Ann",2015-01-07,2015-10-20,"95–2","Barack Obama",2009-01-01,2015-10-21,2018-02-23,4712-12-31,"E.D.N.Y.","District",81
258,"Vilardo, Lawrence J.",2015-02-04,2015-10-26,"88–0","Barack Obama",2009-01-01,2015-10-29,2018-02-23,4712-12-31,"W.D.N.Y.","District",81
259,"Hall, LaShann Moutique DeArcy",2015-01-07,2015-11-16,"93–1","Barack Obama",2009-01-01,2015-11-17,2018-02-23,4712-12-31,"E.D.N.Y.","District",82
260,"McDonough, Travis Randall",2015-01-07,2015-12-07,"89–0","Barack Obama",2009-01-01,2015-12-10,2018-02-23,4712-12-31,"E.D. Tenn.","District",83
261,"Wright, Wilhelmina",2015-04-15,2016-01-19,"58–36","Barack Obama",2009-01-01,2016-02-18,2018-02-23,4712-12-31,"D. Minn.","District",85
262,"Vazquez, John Michael",2015-03-26,2016-01-27,"84–2","Barack Obama",2009-01-01,2016-01-29,2018-02-23,4712-12-31,"D.N.J.","District",84
263,"Ebinger, Rebecca Goodgame",2015-09-15,2016-02-08,"83–0","Barack Obama",2009-01-01,2016-02-16,2018-02-23,4712-12-31,"S.D. Iowa","District",85
264,"Strand, Leonard Terry",2015-07-21,2016-02-11,"93–0","Barack Obama",2009-01-01,2016-02-12,2018-02-23,4712-12-31,"N.D. Iowa","District",85
265,"Crenshaw, Jr., Waverly D.",2015-02-04,2016-04-11,"92–0","Barack Obama",2009-01-01,2016-04-12,2018-02-23,4712-12-31,"M.D. Tenn.","District",87
266,"Xinis, Paula",2015-03-26,2016-05-16,"53–34","Barack Obama",2009-01-01,2016-05-18,2018-02-23,4712-12-31,"D. Md.","District",88
267,"Rossiter, Jr., Robert F.",2015-06-11,2016-06-27,"90–0","Barack Obama",2009-01-01,2016-06-29,2018-02-23,4712-12-31,"D. Neb.","District",89
268,"Martinotti, Brian R.",2015-06-11,2016-07-06,"92–5","Barack Obama",2009-01-01,2016-07-11,2018-02-23,4712-12-31,"D.N.J.","District",90
1,"Nye, David",2017-05-08,2017-07-12,"100–0[D 1]","Donald Trump",2017-01-01,2017-07-12,2018-02-23,4712-12-31,"D. Idaho","District",6
2,"Kelly, Timothy J.",2017-06-07,2017-09-05,"94–2[D 2]","Donald Trump",2017-01-01,2017-09-08,2018-02-23,4712-12-31,"D.D.C.","District",8
3,"Palk, Scott L.",2017-05-08,2017-10-26,"79–16[D 3]","Donald Trump",2017-01-01,2017-10-31,2018-02-23,4712-12-31,"W.D. Okla.","District",9
4,"McFadden, Trevor N.",2017-06-07,2017-10-30,"84–10[D 4]","Donald Trump",2017-01-01,2017-10-31,2018-02-23,4712-12-31,"D.D.C.","District",9
5,"Coggins Jr., Donald C.",2017-08-03,2017-11-16,"96–0[D 5]","Donald Trump",2017-01-01,2017-11-20,2018-02-23,4712-12-31,"D.S.C.","District",10
6,"Friedrich, Dabney L.",2017-06-07,2017-11-27,"97–3[D 6]","Donald Trump",2017-01-01,2017-12-01,2018-02-23,4712-12-31,"D.D.C.","District",11
7,"Campbell Jr., William L.",2017-07-13,2018-01-09,"97–0[D 7]","Donald Trump",2017-01-01,2018-01-12,2018-02-23,4712-12-31,"M.D. Tenn.","District",12
8,"Parker, Tommy",2017-07-13,2018-01-10,"98–0[D 8]","Donald Trump",2017-01-01,2018-01-30,2018-02-23,4712-12-31,"W.D. Tenn.","District",12
9,"Brown, Michael Lawrence",2017-07-13,2018-01-11,"92–0[D 9]","Donald Trump",2017-01-01,2018-01-17,2018-02-23,4712-12-31,"N.D. Ga.","District",12
10,"Counts III, Walter David",2017-09-11,2018-01-11,"96–0[D 10]","Donald Trump",2017-01-01,2018-01-17,2018-02-23,4712-12-31,"W.D. Tex.","District",12
NA,"Quattlebaum Jr., A. Marvin",2017-08-03,4712-12-31,"–","Donald Trump",2017-01-01,NA,NA,4712-12-31,"D.S.C.","District",NA
NA,"Scholer, Karen Gren",2017-09-07,4712-12-31,"–","Donald Trump",2017-01-01,NA,NA,4712-12-31,"N.D. Tex.","District",NA
NA,"Self, Tripp",2017-07-13,4712-12-31,"–","Donald Trump",2017-01-01,NA,NA,4712-12-31,"M.D. Ga.","District",NA
NA,"Doughty, Terry A.",2017-08-03,4712-12-31,"–","Donald Trump",2017-01-01,NA,NA,4712-12-31,"W.D. La.","District",NA
NA,"Boom, Claria Horn",2017-06-12,4712-12-31,"–","Donald Trump",2017-01-01,NA,NA,4712-12-31,"E.D. Ky.W.D. Ky.","District",NA
NA,"Wier, Robert E.",2017-08-03,4712-12-31,"–","Donald Trump",2017-01-01,NA,NA,4712-12-31,"E.D. Ky.","District",NA
NA,"Baker, R. Stan",2017-09-07,4712-12-31,"–","Donald Trump",2017-01-01,NA,NA,4712-12-31,"S.D. Ga.","District",NA
NA,"Broomes, John W.",2017-09-07,4712-12-31,"–","Donald Trump",2017-01-01,NA,NA,4712-12-31,"D. Kan.","District",NA
NA,"Jennings, Rebecca Grady",2017-09-07,4712-12-31,"–","Donald Trump",2017-01-01,NA,NA,4712-12-31,"W.D. Ky.","District",NA
NA,"Rodriguez Jr., Fernando",2017-09-07,4712-12-31,"–","Donald Trump",2017-01-01,NA,NA,4712-12-31,"S.D. Tex.","District",NA
NA,"Nielson Jr., Howard C.",2017-09-28,4712-12-31,"–","Donald Trump",2017-01-01,NA,NA,4712-12-31,"D. Utah","District",NA
NA,"Sweeney II, James R.",2017-11-01,4712-12-31,"–","Donald Trump",2017-01-01,NA,NA,4712-12-31,"S.D. Ind.","District",NA
NA,"Baxter, Susan Paradise",2017-12-20,4712-12-31,"–","Donald Trump",2017-01-01,NA,NA,4712-12-31,"W.D. Pa.","District",NA
NA,"Connolly, Colm",2017-12-20,4712-12-31,"–","Donald Trump",2017-01-01,NA,NA,4712-12-31,"D. Del.","District",NA
NA,"Dooley, Kari A.",2017-12-20,4712-12-31,"–","Donald Trump",2017-01-01,NA,NA,4712-12-31,"D. Conn.","District",NA
NA,"Giampietro, Gordon P.",2017-12-20,4712-12-31,"–","Donald Trump",2017-01-01,NA,NA,4712-12-31,"E.D. Wis.","District",NA
NA,"Horan, Marilyn Jean",2017-12-20,4712-12-31,"–","Donald Trump",2017-01-01,NA,NA,4712-12-31,"W.D. Pa.","District",NA
NA,"Kenney, Chad F.",2017-12-20,4712-12-31,"–","Donald Trump",2017-01-01,NA,NA,4712-12-31,"E.D. Pa.","District",NA
NA,"Noreika, Maryellen",2017-12-20,4712-12-31,"–","Donald Trump",2017-01-01,NA,NA,4712-12-31,"D. Del.","District",NA
NA,"Jung, William F.",2017-12-21,4712-12-31,"–","Donald Trump",2017-01-01,NA,NA,4712-12-31,"M.D. Fla.","District",NA
NA,"Otake, Jill",2017-12-21,4712-12-31,"–","Donald Trump",2017-01-01,NA,NA,4712-12-31,"D. Haw.","District",NA
NA,"Ashe, Barry W.",2018-01-08,4712-12-31,"–","Donald Trump",2017-01-01,NA,NA,4712-12-31,"E.D. La.","District",NA
NA,"Axon, Annemarie Carney",2018-01-08,4712-12-31,"–","Donald Trump",2017-01-01,NA,NA,4712-12-31,"N.D. Ala.","District",NA
NA,"Beaverstock, Jeffrey Uhlman",2018-01-08,4712-12-31,"–","Donald Trump",2017-01-01,NA,NA,4712-12-31,"S.D. Ala.","District",NA
NA,"Burke, Liles C.",2018-01-08,4712-12-31,"–","Donald Trump",2017-01-01,NA,NA,4712-12-31,"N.D. Ala.","District",NA
NA,"Domenico, Daniel D.",2018-01-08,4712-12-31,"–","Donald Trump",2017-01-01,NA,NA,4712-12-31,"D. Colo.","District",NA
NA,"Farr, Thomas Alvin",2018-01-08,4712-12-31,"–","Donald Trump",2017-01-01,NA,NA,4712-12-31,"E.D.N.C.","District",NA
NA,"Goodwin, Charles Barnes",2018-01-08,4712-12-31,"–","Donald Trump",2017-01-01,NA,NA,4712-12-31,"W.D. Okla.","District",NA
NA,"Juneau, Michael J.",2018-01-08,4712-12-31,"–","Donald Trump",2017-01-01,NA,NA,4712-12-31,"W.D. La.","District",NA
NA,"Kacsmaryk, Matthew J.",2018-01-08,4712-12-31,"–","Donald Trump",2017-01-01,NA,NA,4712-12-31,"N.D. Tex.","District",NA
NA,"Marks, Emily Coody",2018-01-08,4712-12-31,"–","Donald Trump",2017-01-01,NA,NA,4712-12-31,"M.D. Ala.","District",NA
NA,"Moorer, Terry F.",2018-01-08,4712-12-31,"–","Donald Trump",2017-01-01,NA,NA,4712-12-31,"S.D. Ala.","District",NA
NA,"Norris, Mark",2018-01-08,4712-12-31,"–","Donald Trump",2017-01-01,NA,NA,4712-12-31,"W.D. Tenn.","District",NA
NA,"Ray II, William McCrary",2018-01-08,4712-12-31,"–","Donald Trump",2017-01-01,NA,NA,4712-12-31,"N.D. Ga.","District",NA
NA,"Richardson, Eli J.",2018-01-08,4712-12-31,"–","Donald Trump",2017-01-01,NA,NA,4712-12-31,"M.D. Tenn.","District",NA
NA,"Teeter, Holly Lou",2018-01-08,4712-12-31,"–","Donald Trump",2017-01-01,NA,NA,4712-12-31,"D. Kan.","District",NA
NA,"Barker, J. Campbell",2018-01-23,4712-12-31,"–","Donald Trump",2017-01-01,NA,NA,4712-12-31,"E.D. Tex.","District",NA
NA,"Kernodle, Jeremy D.",2018-01-23,4712-12-31,"–","Donald Trump",2017-01-01,NA,NA,4712-12-31,"E.D. Tex.","District",NA
NA,"Truncale , Michael J.",2018-01-23,4712-12-31,"–","Donald Trump",2017-01-01,NA,NA,4712-12-31,"E.D. Tex.","District",NA
NA,"Vitter, Wendy",2018-01-23,4712-12-31,"–","Donald Trump",2017-01-01,NA,NA,4712-12-31,"E.D. La.","District",NA
NA,"Albright, Alan D.",2018-01-24,4712-12-31,"–","Donald Trump",2017-01-01,NA,NA,4712-12-31,"W.D. Tex.","District",NA
NA,"Brnovich, Susan",2018-01-24,4712-12-31,"–","Donald Trump",2017-01-01,NA,NA,4712-12-31,"D. Ariz.","District",NA
NA,"Lanza, Dominic W.",2018-01-24,4712-12-31,"–","Donald Trump",2017-01-01,NA,NA,4712-12-31,"D. Ariz.","District",NA
NA,"Summerhays, Robert R.",2018-01-24,4712-12-31,"–","Donald Trump",2017-01-01,NA,NA,4712-12-31,"W.D. La.","District",NA
NA,"Brasel, Nancy E.",2018-02-15,4712-12-31,"–","Donald Trump",2017-01-01,NA,NA,4712-12-31,"D. Minn.","District",NA
NA,"Kleeh, Thomas S.",2018-02-15,4712-12-31,"–","Donald Trump",2017-01-01,NA,NA,4712-12-31,"N.D.W. Va.","District",NA
NA,"Phipps, Peter J.",2018-02-15,4712-12-31,"–","Donald Trump",2017-01-01,NA,NA,4712-12-31,"W.D. Pa.","District",NA
NA,"Tostrud, Eric C.",2018-02-15,4712-12-31,"–","Donald Trump",2017-01-01,NA,NA,4712-12-31,"D. Minn.","District",NA
NA,"Williams, C. J.",2018-02-15,4712-12-31,"–","Donald Trump",2017-01-01,NA,NA,4712-12-31,"N.D. Iowa","District",NA
